ID,Name,City  
101,John,New York  
102,Emily,Los Angeles  
103,Michael,Chicago  
104,Sophia,Houston  
105,Daniel,San Francisco  
106,Olivia,Miami  
107,James,Seattle  
108,Ava,Dallas  
109,William,Boston  
110,Mia,Denver  
111,Benjamin,Atlanta  
112,Charlotte,Philadelphia  
113,Lucas,Phoenix  
114,Amelia,San Diego  
115,Henry,Las Vegas  
116,Evelyn,Portland  
117,Alexander,San Antonio  
118,Harper,Detroit  
119,Elijah,Orlando  
120,Scarlett,Minneapolis  
121,Matthew,Austin  
122,Isabella,Columbus  
123,David,Indianapolis  
124,Sophia,Nashville  
125,Joseph,Charlotte  
126,Grace,Jacksonville  
127,Samuel,San Jose  
128,Lily,Fort Worth  
129,Andrew,Memphis  
130,Chloe,El Paso  
